Parameters,Rule,Seeds,Final answers (by seed),Computed results (by seed),Bits per byte,Eval patch rate
1.1M,entropy,3,"7.0% (8.8, 4.8, 7.4)","4.4% (3.6, 4.9, 4.8)",2.093,11.2%
1.1M,dependence,2,"5.4% (6.2, 4.5)","4.2% (4.3, 4.1)",2.196,10.9%
1.1M,hand-written,3,"45.5% (54.8, 25.3, 56.2)","4.6% (3.9, 4.1, 5.9)",2.109,12.1%
11.7M,entropy,3,"46.6% (42.0, 49.1, 48.8)","5.8% (4.8, 6.4, 6.3)",1.657,11.2%
11.7M,dependence,3,"56.7% (58.5, 53.9, 57.6)","7.7% (7.2, 5.6, 10.3)",1.673,10.9%
11.7M,hand-written,3,"76.3% (76.4, 73.9, 78.5)","12.9% (14.9, 10.3, 13.5)",1.645,12.1%
53.7M,entropy,3,"59.0% (58.8, 57.9, 60.5)","13.9% (16.4, 10.4, 14.9)",1.439,11.2%
53.7M,dependence,3,"78.9% (78.5, 80.2, 78.0)","35.9% (32.7, 35.7, 39.4)",1.420,10.9%
53.7M,hand-written,2,"85.5% (85.8, 85.3)","43.4% (36.8, 49.9)",1.431,12.1%
53.7M,jump (BLT monotonic),1,53.8% (53.8),6.3% (6.3),1.410,9.7%
53.7M,entropy at 20%,1,80.2% (80.2),23.1% (23.1),1.146,22.8%
